id,prediction
6,NA
9,NA
14,NA
35,NA
36,NA
39,NA
41,NA
42,NA
58,NA
74,NA
77,NA
90,NA
91,NA
99,NA
103,NA
115,NA
127,NA
139,NA
141,NA
142,NA
143,NA
147,NA
166,NA
179,NA
182,NA
185,NA
191,NA
199,NA
211,NA
213,NA
224,NA
228,NA
230,NA
246,NA
249,NA
262,NA
267,NA
301,NA
306,NA
308,NA
318,NA
321,NA
333,NA
336,NA
338,NA
343,NA
348,NA
354,NA
358,NA
382,NA
392,NA
399,NA
404,NA
405,NA
409,NA
411,NA
413,NA
414,NA
417,NA
419,NA
444,NA
450,NA
454,NA
474,NA
479,NA
481,NA
487,NA
488,NA
492,NA
502,NA
507,NA
514,NA
517,NA
523,NA
526,NA
543,NA
547,NA
549,NA
554,NA
558,NA
562,NA
568,NA
571,NA
608,NA
611,NA
623,NA
639,NA
640,NA
641,NA
642,NA
643,NA
647,NA
661,NA
670,NA
672,NA
677,NA
709,NA
711,NA
713,NA
723,NA
732,NA
733,NA
734,NA
737,NA
741,NA
756,NA
757,NA
760,NA
766,NA
777,NA
778,NA
787,NA
789,NA
802,NA
818,NA
829,NA
838,NA
839,NA
849,NA
855,NA
857,NA
881,NA
886,NA
893,NA
913,NA
922,NA
924,NA
935,NA
937,NA
939,NA
949,NA
960,NA
964,NA
978,NA
993,NA
997,NA
1002,NA
1003,NA
1005,NA
1006,NA
1011,NA
1032,NA
1042,NA
1066,NA
1078,NA
1084,NA
1091,NA
1102,NA
1105,NA
1109,NA
1115,NA
1124,NA
1128,NA
1129,NA
1140,NA
1146,NA
1153,NA
1162,NA
1194,NA
1201,NA
1203,NA
1207,NA
1222,NA
1240,NA
1243,NA
1263,NA
1281,NA
1284,NA
1291,NA
1301,NA
1307,NA
1324,NA
1326,NA
1331,NA
1332,NA
1334,NA
1335,NA
1345,NA
1358,NA
1374,NA
1387,NA
1400,NA
1410,NA
1445,NA
1446,NA
1453,NA
1454,NA
1467,NA
1471,NA
1472,NA
1478,NA
1491,NA
1492,NA
1498,NA
1500,NA
1503,NA
1505,NA
1510,NA
1515,NA
1527,NA
1537,NA
1541,NA
1544,NA
1545,NA
1552,NA
1557,NA
1562,NA
1578,NA
1581,NA
1587,NA
1600,NA
1606,NA
1610,NA
1629,NA
1633,NA
1643,NA
1661,NA
1665,NA
1678,NA
1679,NA
1681,NA
1706,NA
1715,NA
1724,NA
1736,NA
1745,NA
1746,NA
1766,NA
1778,NA
1779,NA
1786,NA
1789,NA
1794,NA
1832,NA
1833,NA
1843,NA
1875,NA
1881,NA
1882,NA
1887,NA
1890,NA
1902,NA
1903,NA
1932,NA
1938,NA
1942,NA
1946,NA
1953,NA
1954,NA
1957,NA
1958,NA
1965,NA
1969,NA
1972,NA
1976,NA
1978,NA
1987,NA
1989,NA
2006,NA
2011,NA
2015,NA
2016,NA
2020,NA
2024,NA
2027,NA
2039,NA
2041,NA
2045,NA
2067,NA
2069,NA
2070,NA
2087,NA
2089,NA
2106,NA
2110,NA
2132,NA
2134,NA
2136,NA
2148,NA
2182,NA
2200,NA
2224,NA
2228,NA
2230,NA
2231,NA
2244,NA
2251,NA
2253,NA
2263,NA
2264,NA
2268,NA
2274,NA
2280,NA
2281,NA
2296,NA
2317,NA
2338,NA
2347,NA
2360,NA
2388,NA
2389,NA
2398,NA
2401,NA
2405,NA
2411,NA
2434,NA
2435,NA
2436,NA
2445,NA
2470,NA
2480,NA
2491,NA
2494,NA
2502,NA
2512,NA
2532,NA
2543,NA
2549,NA
2554,NA
2562,NA
2590,NA
2595,NA
2618,NA
2621,NA
2630,NA
2631,NA
2639,NA
2646,NA
2654,NA
2663,NA
2665,NA
2669,NA
2677,NA
2690,NA
2700,NA
2705,NA
2723,NA
2725,NA
2739,NA
2744,NA
2751,NA
2752,NA
2755,NA
2763,NA
2768,NA
2769,NA
2770,NA
2775,NA
2776,NA
2786,NA
2787,NA
2788,NA
2802,NA
2816,NA
2821,NA
2824,NA
2832,NA
2835,NA
2839,NA
2841,NA
2848,NA
2851,NA
2854,NA
2857,NA
2859,NA
2862,NA
2881,NA
2902,NA
2905,NA
2918,NA
2919,NA
2924,NA
2927,NA
2932,NA
2934,NA
2939,NA
2943,NA
2945,NA
2976,NA
2983,NA
2994,NA
2995,NA
3008,NA
3018,NA
3025,NA
3026,NA
3030,NA
3031,NA
3034,NA
3043,NA
3070,NA
3088,NA
3091,NA
3100,NA
3123,NA
3149,NA
3151,NA
3153,NA
3158,NA
3167,NA
3168,NA
3170,NA
3171,NA
3180,NA
3181,NA
3200,NA
3202,NA
3207,NA
3235,NA
3240,NA
3242,NA
3262,NA
3267,NA
3299,NA
3322,NA
3323,NA
3335,NA
3337,NA
3341,NA
3348,NA
3350,NA
3352,NA
3355,NA
3359,NA
3391,NA
3392,NA
3393,NA
3402,NA
3406,NA
3410,NA
3413,NA
3426,NA
3429,NA
3437,NA
3439,NA
3463,NA
3470,NA
3475,NA
3505,NA
3510,NA
3525,NA
3530,NA
3544,NA
3546,NA
3554,NA
3557,NA
3565,NA
3573,NA
3576,NA
3578,NA
3584,NA
3587,NA
3608,NA
3624,NA
3626,NA
3640,NA
3642,NA
3645,NA
3646,NA
3654,NA
3656,NA
3657,NA
3659,NA
3665,NA
3675,NA
3676,NA
3716,NA
3729,NA
3736,NA
3741,NA
3743,NA
3752,NA
3767,NA
3776,NA
3790,NA
3793,NA
3794,NA
3805,NA
3811,NA
3829,NA
3831,NA
3835,NA
3839,NA
3847,NA
3851,NA
3853,NA
3869,NA
3876,NA
3877,NA
3879,NA
3894,NA
3900,NA
3908,NA
3910,NA
3918,NA
3919,NA
3926,NA
3929,NA
3944,NA
3951,NA
3954,NA
3961,NA
3962,NA
3967,NA
3992,NA
4011,NA
4016,NA
4036,NA
4038,NA
4042,NA
4052,NA
4054,NA
4083,NA
4111,NA
4115,NA
4119,NA
4127,NA
4164,NA
4165,NA
4174,NA
4177,NA
4178,NA
4179,NA
4186,NA
4215,NA
4223,NA
4232,NA
4234,NA
4245,NA
4253,NA
4271,NA
4274,NA
4295,NA
4307,NA
4338,NA
4343,NA
4361,NA
4363,NA
4369,NA
4383,NA
4406,NA
4418,NA
4421,NA
4424,NA
4428,NA
4450,NA
4457,NA
4460,NA
4468,NA
4474,NA
4489,NA
4494,NA
4495,NA
4506,NA
4508,NA
4509,NA
4531,NA
4538,NA
4550,NA
4559,NA
4571,NA
4576,NA
4580,NA
4597,NA
4603,NA
4612,NA
4618,NA
4627,NA
4632,NA
4645,NA
4656,NA
4658,NA
4661,NA
4667,NA
4683,NA
4688,NA
4696,NA
4698,NA
4700,NA
4702,NA
4709,NA
4712,NA
4717,NA
4729,NA
4754,NA
4757,NA
4758,NA
4760,NA
4767,NA
4789,NA
4818,NA
4823,NA
4839,NA
4842,NA
4847,NA
4849,NA
4862,NA
4868,NA
4875,NA
4882,NA
4887,NA
4888,NA
4892,NA
4901,NA
4907,NA
4913,NA
4914,NA
4924,NA
4925,NA
4928,NA
4966,NA
4968,NA
4980,NA
4981,NA
5012,NA
5022,NA
5026,NA
5042,NA
5049,NA
5060,NA
5067,NA
5089,NA
5096,NA
5098,NA
5104,NA
5109,NA
5126,NA
5129,NA
5131,NA
5133,NA
5138,NA
5152,NA
5153,NA
5164,NA
5171,NA
5177,NA
5190,NA
5193,NA
5194,NA
5201,NA
5215,NA
5219,NA
5220,NA
5228,NA
5235,NA
5245,NA
5251,NA
5263,NA
5269,NA
5284,NA
5294,NA
5303,NA
5304,NA
5312,NA
5330,NA
5344,NA
5347,NA
5349,NA
5354,NA
5359,NA
5361,NA
5365,NA
5374,NA
5395,NA
5398,NA
5415,NA
5420,NA
5430,NA
5431,NA
5449,NA
5476,NA
5490,NA
5494,NA
5502,NA
5508,NA
5513,NA
5532,NA
5535,NA
5537,NA
5543,NA
5544,NA
5546,NA
5591,NA
5594,NA
5602,NA
5608,NA
5631,NA
5636,NA
5642,NA
5645,NA
5656,NA
5669,NA
5670,NA
5671,NA
5672,NA
5708,NA
5710,NA
5733,NA
5757,NA
5759,NA
5761,NA
5767,NA
5771,NA
5774,NA
5777,NA
5789,NA
5795,NA
5799,NA
5809,NA
5810,NA
5815,NA
5824,NA
5840,NA
5855,NA
5869,NA
5870,NA
5899,NA
5900,NA
5919,NA
5923,NA
5933,NA
5958,NA
5986,NA
5995,NA
5999,NA
6011,NA
6012,NA
6024,NA
6051,NA
6061,NA
6069,NA
6070,NA
6071,NA
6081,NA
6092,NA
6102,NA
6103,NA
6125,NA
6132,NA
6144,NA
6145,NA
6177,NA
6206,NA
6207,NA
6210,NA
6211,NA
6238,NA
6243,NA
6268,NA
6275,NA
6279,NA
6282,NA
6285,NA
6297,NA
6304,NA
6307,NA
6308,NA
6309,NA
6318,NA
6340,NA
6342,NA
6349,NA
6350,NA
6368,NA
6404,NA
6407,NA
6413,NA
6421,NA
6424,NA
6427,NA
6434,NA
6437,NA
6449,NA
6451,NA
6467,NA
6471,NA
6484,NA
6489,NA
6491,NA
6494,NA
6499,NA
6502,NA
6520,NA
6531,NA
6532,NA
6534,NA
6541,NA
6545,NA
6550,NA
6568,NA
6576,NA
6589,NA
6601,NA
6603,NA
6607,NA
6632,NA
6633,NA
6634,NA
6643,NA
6649,NA
6652,NA
6660,NA
6671,NA
6674,NA
6686,NA
6695,NA
6712,NA
6719,NA
6722,NA
6744,NA
6750,NA
6752,NA
6778,NA
6781,NA
6785,NA
6799,NA
6806,NA
6823,NA
6836,NA
6838,NA
6886,NA
6912,NA
6914,NA
6915,NA
6921,NA
6927,NA
6932,NA
6933,NA
6954,NA
6960,NA
6966,NA
6978,NA
6988,NA
7004,NA
7012,NA
7013,NA
7015,NA
7017,NA
7018,NA
7024,NA
7030,NA
7042,NA
7046,NA
7047,NA
7066,NA
7082,NA
7087,NA
7088,NA
7092,NA
7094,NA
7104,NA
7109,NA
7119,NA
7120,NA
7161,NA
7163,NA
7177,NA
7187,NA
7210,NA
7214,NA
7226,NA
7231,NA
7279,NA
7286,NA
7288,NA
7300,NA
7302,NA
7314,NA
7318,NA
7319,NA
7338,NA
7353,NA
7360,NA
7363,NA
7372,NA
7378,NA
7380,NA
7384,NA
7392,NA
7393,NA
7394,NA
7408,NA
7421,NA
7429,NA
7430,NA
7437,NA
7446,NA
7448,NA
7455,NA
7457,NA
7458,NA
7460,NA
7479,NA
7526,NA
7537,NA
7541,NA
7542,NA
7548,NA
7555,NA
7564,NA
7568,NA
7574,NA
7584,NA
7585,NA
7597,NA
7601,NA
7618,NA
7620,NA
7628,NA
7629,NA
7656,NA
7657,NA
7658,NA
7659,NA
7660,NA
7666,NA
7668,NA
7701,NA
7714,NA
7717,NA
7724,NA
7727,NA
7729,NA
7750,NA
7751,NA
7762,NA
7821,NA
7845,NA
7850,NA
7851,NA
7854,NA
7857,NA
7867,NA
7868,NA
7869,NA
7872,NA
7873,NA
7881,NA
7882,NA
7885,NA
7887,NA
7891,NA
7895,NA
7902,NA
7904,NA
7910,NA
7919,NA
7925,NA
7936,NA
7950,NA
7976,NA
7980,NA
7983,NA
7986,NA
8008,NA
8029,NA
8031,NA
8034,NA
8038,NA
8053,NA
8064,NA
8087,NA
8088,NA
8101,NA
8104,NA
8115,NA
8117,NA
8121,NA
8122,NA
8134,NA
8138,NA
8140,NA
8143,NA
8145,NA
8156,NA
8162,NA
8171,NA
8172,NA
8175,NA
8177,NA
8182,NA
8188,NA
8194,NA
8211,NA
8244,NA
8271,NA
8283,NA
8288,NA
8292,NA
8295,NA
8296,NA
8297,NA
8298,NA
8300,NA
8301,NA
8308,NA
8315,NA
8321,NA
8325,NA
8341,NA
8351,NA
8357,NA
8363,NA
8374,NA
8375,NA
8376,NA
8380,NA
8382,NA
8383,NA
8391,NA
8392,NA
8398,NA
8402,NA
8414,NA
8420,NA
8422,NA
8439,NA
8441,NA
8450,NA
8461,NA
8466,NA
8469,NA
8478,NA
8486,NA
8496,NA
8502,NA
8505,NA
8531,NA
8537,NA
8588,NA
8593,NA
8596,NA
8599,NA
8601,NA
8633,NA
8635,NA
8644,NA
8650,NA
8665,NA
8667,NA
8674,NA
8675,NA
8688,NA
8689,NA
8691,NA
8699,NA
8702,NA
8706,NA
8721,NA
8726,NA
8727,NA
8728,NA
8729,NA
8731,NA
8742,NA
8747,NA
8748,NA
8766,NA
8777,NA
8796,NA
8809,NA
8826,NA
8832,NA
8845,NA
8858,NA
8865,NA
8876,NA
8887,NA
8889,NA
8893,NA
8923,NA
8949,NA
8950,NA
8951,NA
8952,NA
8954,NA
8955,NA
8975,NA
8998,NA
9006,NA
9007,NA
9028,NA
9029,NA
9036,NA
9037,NA
9041,NA
9047,NA
9052,NA
9065,NA
9069,NA
9073,NA
9108,NA
9111,NA
9114,NA
9119,NA
9124,NA
9129,NA
9146,NA
9150,NA
9165,NA
9168,NA
9174,NA
9177,NA
9189,NA
9221,NA
9237,NA
9242,NA
9258,NA
9263,NA
9275,NA
9285,NA
9296,NA
9297,NA
9300,NA
9314,NA
9315,NA
9316,NA
9318,NA
9319,NA
9322,NA
9336,NA
9344,NA
9350,NA
9364,NA
9379,NA
9390,NA
9391,NA
9399,NA
9410,NA
9411,NA
9416,NA
9421,NA
9427,NA
9449,NA
9460,NA
9473,NA
9489,NA
9495,NA
9496,NA
9509,NA
9513,NA
9540,NA
9562,NA
9565,NA
9569,NA
9576,NA
9577,NA
9578,NA
9583,NA
9590,NA
9604,NA
9613,NA
9621,NA
9623,NA
9628,NA
9633,NA
9634,NA
9639,NA
9647,NA
9652,NA
9681,NA
9683,NA
9698,NA
9701,NA
9702,NA
9708,NA
9710,NA
9724,NA
9730,NA
9731,NA
9772,NA
9782,NA
9787,NA
9792,NA
9801,NA
9815,NA
9826,NA
9834,NA
9844,NA
9850,NA
9855,NA
9857,NA
9861,NA
9870,NA
9885,NA
9886,NA
9914,NA
9919,NA
9923,NA
9938,NA
9945,NA
9951,NA
9953,NA
9957,NA
9962,NA
9982,NA
10002,NA
10004,NA
10007,NA
10009,NA
10030,NA
10037,NA
10063,NA
10085,NA
10098,NA
10113,NA
10129,NA
10138,NA
10140,NA
10144,NA
10154,NA
10164,NA
10177,NA
10202,NA
10212,NA
10214,NA
10223,NA
10228,NA
10247,NA
10249,NA
10250,NA
10287,NA
10288,NA
10298,NA
10304,NA
10312,NA
10315,NA
10322,NA
10327,NA
10342,NA
10363,NA
10376,NA
10378,NA
10382,NA
10386,NA
10404,NA
10415,NA
10429,NA
10430,NA
10438,NA
10439,NA
10441,NA
10451,NA
10452,NA
10465,NA
10478,NA
10485,NA
10494,NA
10523,NA
10530,NA
10552,NA
10566,NA
10568,NA
10588,NA
10595,NA
10599,NA
10617,NA
10619,NA
10635,NA
10643,NA
10652,NA
10670,NA
10686,NA
10690,NA
10699,NA
10705,NA
10718,NA
10720,NA
10727,NA
10728,NA
10745,NA
10746,NA
10755,NA
10762,NA
10765,NA
10784,NA
10787,NA
10804,NA
10806,NA
10822,NA
10855,NA
10856,NA
10858,NA
10859,NA
10867,NA
10886,NA
10887,NA
10890,NA
10891,NA
10922,NA
10936,NA
10941,NA
10946,NA
10947,NA
10948,NA
10952,NA
10955,NA
10980,NA
10981,NA
10983,NA
10989,NA
10993,NA
10997,NA
11006,NA
11017,NA
11030,NA
11043,NA
11045,NA
11053,NA
11054,NA
11057,NA
11066,NA
11068,NA
11084,NA
11086,NA
11096,NA
11099,NA
11100,NA
11121,NA
11134,NA
11157,NA
11169,NA
11176,NA
11177,NA
11201,NA
11219,NA
11231,NA
11236,NA
11252,NA
11253,NA
11259,NA
11266,NA
11268,NA
11269,NA
11277,NA
11279,NA
11285,NA
11321,NA
11324,NA
11325,NA
11355,NA
11360,NA
11362,NA
11363,NA
11364,NA
11365,NA
11366,NA
11385,NA
11410,NA
11412,NA
11419,NA
11422,NA
11426,NA
11447,NA
11449,NA
11451,NA
11452,NA
11457,NA
11460,NA
11484,NA
11510,NA
11511,NA
11520,NA
11545,NA
11550,NA
11558,NA
11599,NA
11603,NA
11605,NA
11610,NA
11615,NA
11623,NA
11629,NA
11639,NA
11640,NA
11652,NA
11657,NA
11658,NA
11663,NA
11664,NA
11679,NA
11694,NA
11697,NA
11706,NA
11729,NA
11739,NA
11740,NA
11743,NA
11749,NA
11750,NA
11755,NA
11759,NA
11771,NA
11775,NA
11778,NA
11799,NA
11806,NA
11812,NA
11816,NA
11829,NA
11831,NA
11841,NA
11864,NA
11880,NA
11889,NA
11913,NA
11920,NA
11921,NA
11926,NA
11929,NA
11930,NA
11936,NA
11938,NA
11942,NA
11956,NA
11977,NA
11994,NA
11995,NA
11999,NA
12000,NA
12007,NA
12010,NA
12013,NA
12015,NA
12020,NA
12033,NA
12039,NA
12060,NA
12073,NA
12077,NA
12078,NA
12082,NA
12083,NA
12087,NA
12094,NA
12098,NA
12105,NA
12124,NA
12131,NA
12132,NA
12134,NA
12137,NA
12142,NA
12158,NA
12166,NA
12173,NA
12180,NA
12198,NA
12206,NA
12221,NA
12230,NA
12233,NA
12249,NA
12261,NA
12267,NA
12275,NA
12278,NA
12294,NA
12318,NA
12323,NA
12335,NA
12359,NA
12360,NA
12361,NA
12362,NA
12374,NA
12380,NA
12381,NA
12382,NA
12389,NA
12394,NA
12401,NA
12402,NA
12415,NA
12424,NA
12439,NA
12445,NA
12446,NA
12450,NA
12453,NA
12480,NA
12486,NA
12487,NA
12493,NA
12494,NA
12505,NA
12511,NA
12515,NA
12516,NA
12525,NA
12527,NA
12528,NA
12530,NA
12535,NA
12545,NA
12556,NA
12567,NA
12570,NA
12590,NA
12592,NA
12610,NA
12617,NA
12628,NA
12632,NA
12634,NA
12650,NA
12653,NA
12673,NA
12678,NA
12688,NA
12691,NA
12697,NA
12731,NA
12749,NA
12758,NA
12799,NA
12809,NA
12821,NA
12833,NA
12837,NA
12839,NA
12857,NA
12859,NA
12870,NA
12873,NA
12874,NA
12882,NA
12886,NA
12896,NA
12904,NA
12905,NA
12919,NA
12925,NA
12932,NA
12941,NA
12942,NA
12948,NA
12952,NA
12953,NA
12958,NA
12960,NA
12965,NA
12971,NA
12973,NA
12976,NA
12980,NA
12985,NA
12999,NA
13026,NA
13033,NA
13055,NA
13071,NA
13076,NA
13084,NA
13095,NA
13136,NA
13140,NA
13141,NA
13142,NA
13147,NA
13154,NA
13158,NA
13160,NA
13180,NA
13198,NA
13208,NA
13212,NA
13226,NA
13249,NA
13252,NA
13262,NA
13276,NA
13292,NA
13314,NA
13339,NA
13341,NA
13351,NA
13356,NA
13365,NA
13372,NA
13375,NA
13376,NA
13381,NA
13389,NA
13393,NA
13394,NA
13406,NA
13417,NA
13428,NA
13434,NA
13443,NA
13446,NA
13453,NA
13455,NA
13476,NA
13492,NA
13499,NA
13506,NA
13538,NA
13542,NA
13544,NA
13548,NA
13557,NA
13563,NA
13565,NA
13576,NA
13582,NA
13584,NA
13593,NA
13597,NA
13611,NA
13638,NA
13642,NA
13662,NA
13663,NA
13685,NA
13726,NA
13735,NA
13741,NA
13751,NA
13752,NA
13759,NA
13782,NA
13794,NA
13802,NA
13825,NA
13828,NA
13865,NA
13866,NA
13880,NA
13896,NA
13900,NA
13923,NA
13925,NA
13926,NA
13932,NA
13933,NA
13935,NA
13954,NA
13960,NA
13973,NA
13985,NA
13990,NA
14004,NA
14008,NA
14014,NA
14015,NA
14016,NA
14017,NA
14025,NA
14030,NA
14038,NA
14040,NA
14069,NA
14075,NA
14079,NA
14084,NA
14095,NA
14096,NA
14097,NA
14102,NA
14113,NA
14114,NA
14115,NA
14127,NA
14143,NA
14151,NA
14152,NA
14159,NA
14162,NA
14174,NA
14176,NA
14180,NA
14189,NA
14216,NA
14250,NA
14254,NA
14264,NA
14271,NA
14276,NA
14279,NA
14284,NA
14285,NA
14293,NA
14307,NA
14345,NA
14357,NA
14358,NA
14361,NA
14362,NA
14372,NA
14375,NA
14383,NA
14384,NA
14385,NA
14388,NA
14395,NA
14402,NA
14409,NA
14421,NA
14424,NA
14484,NA
14509,NA
14510,NA
14517,NA
14531,NA
14541,NA
14542,NA
14552,NA
14561,NA
14564,NA
14572,NA
14577,NA
14590,NA
14595,NA
14603,NA
14658,NA
14659,NA
14661,NA
14672,NA
14683,NA
14713,NA
14717,NA
14723,NA
14726,NA
14727,NA
14744,NA
14745,NA
14759,NA
14765,NA
14766,NA
14773,NA
14774,NA
14783,NA
14784,NA
14801,NA
14811,NA
14813,NA
14818,NA
14829,NA
14841,NA
14845,NA
14847,NA
14851,NA
14854,NA
14877,NA
14897,NA
14913,NA
14917,NA
14933,NA
14945,NA
14975,NA
14996,NA
15000,NA
15006,NA
15011,NA
15015,NA
15036,NA
15051,NA
15052,NA
15055,NA
15056,NA
15067,NA
15095,NA
15100,NA
15101,NA
15109,NA
15132,NA
15147,NA
15173,NA
15184,NA
15185,NA
15190,NA
15192,NA
15194,NA
15196,NA
15200,NA
15203,NA
15211,NA
15212,NA
15218,NA
15221,NA
15232,NA
15239,NA
15267,NA
15272,NA
15293,NA
15299,NA
15306,NA
15313,NA
15314,NA
15334,NA
15339,NA
15340,NA
15341,NA
15347,NA
15349,NA
15351,NA
15353,NA
15354,NA
15367,NA
15374,NA
15377,NA
15378,NA
15379,NA
15380,NA
15392,NA
15399,NA
15400,NA
15419,NA
15430,NA
15453,NA
15459,NA
15484,NA
15485,NA
15499,NA
15512,NA
15536,NA
15547,NA
15553,NA
15554,NA
15568,NA
15576,NA
15583,NA
15585,NA
15610,NA
15621,NA
15623,NA
15647,NA
15652,NA
15653,NA
15661,NA
15665,NA
15674,NA
15676,NA
15677,NA
15684,NA
15697,NA
15701,NA
15709,NA
15712,NA
15719,NA
15721,NA
15735,NA
15739,NA
15754,NA
15755,NA
15758,NA
15760,NA
15773,NA
15791,NA
15798,NA
15812,NA
15822,NA
15836,NA
15842,NA
15844,NA
15853,NA
15856,NA
15860,NA
15867,NA
15887,NA
15903,NA
15904,NA
15940,NA
15942,NA
15943,NA
15958,NA
15967,NA
15974,NA
15981,NA
16000,NA
16004,NA
16022,NA
16044,NA
16047,NA
16056,NA
16060,NA
16061,NA
16077,NA
16095,NA
16100,NA
16109,NA
16112,NA
16129,NA
16133,NA
16136,NA
16163,NA
16167,NA
16179,NA
16180,NA
16198,NA
16206,NA
16211,NA
16222,NA
16245,NA
16255,NA
16284,NA
16288,NA
16293,NA
16295,NA
16318,NA
16323,NA
16324,NA
16327,NA
16328,NA
16332,NA
16344,NA
16348,NA
16349,NA
16357,NA
16371,NA
16379,NA
16386,NA
16389,NA
16396,NA
16402,NA
16405,NA
16428,NA
16432,NA
16436,NA
16440,NA
16452,NA
16470,NA
16479,NA
16480,NA
16481,NA
16490,NA
16491,NA
16495,NA
16510,NA
16511,NA
16513,NA
16520,NA
16539,NA
16543,NA
16548,NA
16550,NA
16551,NA
16561,NA
16568,NA
16574,NA
16585,NA
16591,NA
16593,NA
16598,NA
16600,NA
16608,NA
16622,NA
16623,NA
16627,NA
16634,NA
16644,NA
16647,NA
16656,NA
16661,NA
16677,NA
16682,NA
16704,NA
16706,NA
16710,NA
16711,NA
16714,NA
16719,NA
16737,NA
16743,NA
16768,NA
16781,NA
16788,NA
16791,NA
16795,NA
16796,NA
16798,NA
16813,NA
16816,NA
16820,NA
16824,NA
16836,NA
16839,NA
16852,NA
16875,NA
16884,NA
16896,NA
16898,NA
16902,NA
16906,NA
16915,NA
16917,NA
16932,NA
16942,NA
16948,NA
16963,NA
16965,NA
16972,NA
16977,NA
16980,NA
16984,NA
16988,NA
16990,NA
17010,NA
17013,NA
17024,NA
17030,NA
17040,NA
17054,NA
17056,NA
17079,NA
17133,NA
17162,NA
17201,NA
17221,NA
17234,NA
17274,NA
17290,NA
17292,NA
17325,NA
17326,NA
17328,NA
17343,NA
17349,NA
17354,NA
17373,NA
17393,NA
17400,NA
17418,NA
17455,NA
17460,NA
17467,NA
17500,NA
17504,NA
17509,NA
17530,NA
17534,NA
17593,NA
17602,NA
17633,NA
17656,NA
17661,NA
17671,NA
17679,NA
17683,NA
17705,NA
17719,NA
17723,NA
17724,NA
17731,NA
17732,NA
17747,NA
17765,NA
17794,NA
17799,NA
17807,NA
17823,NA
17834,NA
17898,NA
17913,NA
17915,NA
17931,NA
17936,NA
17973,NA
18002,NA
18007,NA
18008,NA
18024,NA
18064,NA
18069,NA
18157,NA
18190,NA
18203,NA
18206,NA
18208,NA
18211,NA
18271,NA
18273,NA
18284,NA
18285,NA
18289,NA
18291,NA
18314,NA
18338,NA
18368,NA
18375,NA
18385,NA
18389,NA
18407,NA
18410,NA
18432,NA
18434,NA
18450,NA
18453,NA
18529,NA
18536,NA
18565,NA
18575,NA
18582,NA
18615,NA
18616,NA
18646,NA
18667,NA
18688,NA
18711,NA
18719,NA
18728,NA
18754,NA
18760,NA
18769,NA
18782,NA
18814,NA
18817,NA
18821,NA
18841,NA
18842,NA
18865,NA
18888,NA
18931,NA
18955,NA
18956,NA
18996,NA
18997,NA
18999,NA
19004,NA
19005,NA
19010,NA
19027,NA
19043,NA
19070,NA
19075,NA
19077,NA
19101,NA
19103,NA
19117,NA
19128,NA
19159,NA
19179,NA
19211,NA
19265,NA
19275,NA
19349,NA
19382,NA
19384,NA
19394,NA
19399,NA
19403,NA
19424,NA
19430,NA
19473,NA
19487,NA
19499,NA
19522,NA
19523,NA
19577,NA
19605,NA
19644,NA
19682,NA
19688,NA
19690,NA
19698,NA
19708,NA
19711,NA
19751,NA
19768,NA
19800,NA
19804,NA
19839,NA
19849,NA
19851,NA
19852,NA
19871,NA
19872,NA
19883,NA
19891,NA
19917,NA
19973,NA
19985,NA
19990,NA
19994,NA
20018,NA
20020,NA
20026,NA
20032,NA
20040,NA
20043,NA
20072,NA
20092,NA
20099,NA
20132,NA
20143,NA
20145,NA
20160,NA
20247,NA
20274,NA
20275,NA
20292,NA
20297,NA
20304,NA
20306,NA
20320,NA
20322,NA
20412,NA
20433,NA
20471,NA
20489,NA
20493,NA
20494,NA
20495,NA
20519,NA
20526,NA
20544,NA
20549,NA
20575,NA
20596,NA
20619,NA
20624,NA
20691,NA
20698,NA
20721,NA
20726,NA
20769,NA
20771,NA
20777,NA
20791,NA
20811,NA
20821,NA
20862,NA
20917,NA
20918,NA
20966,NA
20972,NA
20978,NA
20991,NA
21008,NA
21012,NA
21031,NA
21032,NA
21061,NA
21080,NA
21090,NA
21094,NA
21115,NA
21122,NA
21128,NA
21151,NA
21165,NA
21179,NA
21182,NA
21188,NA
21194,NA
21215,NA
21249,NA
21252,NA
21266,NA
21267,NA
21275,NA
21276,NA
21328,NA
21337,NA
21358,NA
21367,NA
21396,NA
21397,NA
21417,NA
21424,NA
21425,NA
21428,NA
21451,NA
21501,NA
21503,NA
21535,NA
21547,NA
21577,NA
21601,NA
21612,NA
21629,NA
21659,NA
21665,NA
21667,NA
21671,NA
21672,NA
21719,NA
21725,NA
21727,NA
21734,NA
21742,NA
21760,NA
21807,NA
21813,NA
21814,NA
21836,NA
21838,NA
21840,NA
21847,NA
21848,NA
21850,NA
21852,NA
21856,NA
21885,NA
21892,NA
21900,NA
21909,NA
21925,NA
21929,NA
21938,NA
21966,NA
21974,NA
21980,NA
21983,NA
21998,NA
22011,NA
22045,NA
22068,NA
22077,NA
22128,NA
22137,NA
22148,NA
22167,NA
22170,NA
22221,NA
22252,NA
22258,NA
22287,NA
22300,NA
22318,NA
22323,NA
22330,NA
22347,NA
22366,NA
22382,NA
22384,NA
22387,NA
22402,NA
22415,NA
22423,NA
22435,NA
22444,NA
22490,NA
22501,NA
22508,NA
22525,NA
22530,NA
22549,NA
22582,NA
22599,NA
22615,NA
22616,NA
22617,NA
22618,NA
22627,NA
22655,NA
22662,NA
22665,NA
22670,NA
22696,NA
22727,NA
22757,NA
22767,NA
22768,NA
22782,NA
22787,NA
22789,NA
22810,NA
22820,NA
22827,NA
22832,NA
22840,NA
22858,NA
22867,NA
22931,NA
22938,NA
22939,NA
22942,NA
22958,NA
22965,NA
22986,NA
22989,NA
22993,NA
22999,NA
23008,NA
23017,NA
23026,NA
23028,NA
23053,NA
23093,NA
23106,NA
23152,NA
23157,NA
23180,NA
23181,NA
23193,NA
23244,NA
23246,NA
23250,NA
23287,NA
23292,NA
23304,NA
23332,NA
23341,NA
23345,NA
23373,NA
23374,NA
23384,NA
23395,NA
23398,NA
23460,NA
23476,NA
23484,NA
23488,NA
23494,NA
23495,NA
23527,NA
23530,NA
23532,NA
23541,NA
23582,NA
23588,NA
23613,NA
23637,NA
23642,NA
23667,NA
23669,NA
23676,NA
23691,NA
23702,NA
23721,NA
23744,NA
23754,NA
23755,NA
23785,NA
23804,NA
23806,NA
23807,NA
23859,NA
23860,NA
23866,NA
23900,NA
23929,NA
23944,NA
23977,NA
23982,NA
23983,NA
24001,NA
24029,NA
24080,NA
24100,NA
24122,NA
24124,NA
24127,NA
24164,NA
24173,NA
24200,NA
24211,NA
24219,NA
24220,NA
24227,NA
24248,NA
24249,NA
24250,NA
24252,NA
24261,NA
24267,NA
24273,NA
24289,NA
24338,NA
24359,NA
24381,NA
24389,NA
24424,NA
24429,NA
24443,NA
24456,NA
24466,NA
24474,NA
24494,NA
24495,NA
24540,NA
24544,NA
24564,NA
24579,NA
24580,NA
24602,NA
24608,NA
24631,NA
24644,NA
24675,NA
24701,NA
24733,NA
24752,NA
24764,NA
24765,NA
24769,NA
24784,NA
24785,NA
24800,NA
24812,NA
24852,NA
24869,NA
24870,NA
24902,NA
24907,NA
24930,NA
24938,NA
24953,NA
24957,NA
24959,NA
24971,NA
24982,NA
24987,NA
24996,NA
25010,NA
25046,NA
25064,NA
25069,NA
25075,NA
25080,NA
25085,NA
25093,NA
25099,NA
25112,NA
25136,NA
25179,NA
25192,NA
25202,NA
25210,NA
25217,NA
25221,NA
25263,NA
25325,NA
25328,NA
25371,NA
25393,NA
25401,NA
25425,NA
25460,NA
25480,NA
25485,NA
25503,NA
25504,NA
25508,NA
25513,NA
25520,NA
25532,NA
25535,NA
25537,NA
25541,NA
25554,NA
25567,NA
25574,NA
25609,NA
25638,NA
25672,NA
25674,NA
25695,NA
25734,NA
25753,NA
25766,NA
25769,NA
25786,NA
25801,NA
25826,NA
25851,NA
25860,NA
25869,NA
25881,NA
25892,NA
25927,NA
25930,NA
25933,NA
25950,NA
25968,NA
25977,NA
25999,NA
26016,NA
26019,NA
26033,NA
26050,NA
26058,NA
26086,NA
